מילה,
נסיכה,r
גלידה,r
עץ,r
שורשים,r
אוזן-המן,r
הרמון,r
פרי,r
סולם,r
סיבוב,r
אופק,r
בחינה,r
לוחם,r
מיון,r
בית-ספר,r
מאלף,r
מאגר,r
אבן,r
בועה,r
צלחת,r
רשת,r
מזלג,r
אסר,r
כדור,r
מאושר,d
זמן,r
פירמידה,r
חום,d
טבעת,r
סגור,r
קזינו,r
דבש,r
מלחמה,r
רולטה,r
חשבון,r
שגרירות,r
שבתאי,r
אנטארקטיקה,r
מופע,r
שוקולד,r
פיראט,r
מיליונר,r
צמיג,r
נתיב,r
בית-כנסת,r
יוון,r
נחש,d
חופה,r
הוליווד,r
דוב,r
טבע,r
מים,r
כדור-עף,r
דשא,r
אוויר,r
נייר,r
שולחן,r
ברווז,r
אולימפוס,r
שטר,r
תת,r
מנוף,r
מלך,s
סוס,r
כוס,r
עכבר,r
אשפה,r
תשובה,r
שיגור,r
אתר,r
מסך,r
קיץ,r
צרפת,r
זכוכית,r
אפיקומן,r
אור,r
אפריקה,r
אירופה,r
מסע,r
עוגה,r
כיפה,r
בנק,r
להקה,r
טלסקופ,r
מיקרוסקופ,r
לוויתן,r
ארנב,r
חד-קרן,r
קברן,r
לוויין,r
צוללן,r
מלאך,r
רובוט,r
אש,r
קנטאור,r
מצנח,r
תולעת,r
מדען,r
עורך-דין,r
גמד,r
חתול,r
חוף,r
כפפה,r
מכונית,r
לילה,r
יער,r
ריקוד,r
שקל,r
נינג'ה,r
ציור,r
אמריקה,r
לונדון,r
טוקיו,r
רופא,r
בשר,r
רגל,r
סכין,r
ספינה,r
עקרב,r
בייגלה,r
כף,r
חוסר,r
משטרה,r
קרח,r
זהב,r
אופרה,r
מרגל,r
אקדח,r
מכשפה,r
תיאטרון,r
עונש,r
כביש,r
עיר,r
קוד,r
דרקון,r
גורד-שחקים,r
סילון,r
דינוזאור,r
טיל,r
עכביש,r
פינגווין,r
אביר,r
אצטדיון,r
לימוזינה,r
רוח-רפאים,r
לייזר,r
מוות,r
בית-חולים,r
מאדים,d
תמנון,r
מסוק,r
קנגורו,r
סיכה,r
סוכן,r
מסלול,r
צל,r
קטשופ,r
מחילה,r
מועדון,r
מוסקבה,r
באר-שבע,r
ארץ,r
ברמודה,r
נמל,r
סל,r
אורגני,r
כוח,r
מיטה,r
יד,r
סירה,r
נקודה,r
פעמון,r
ריח,r
קור,r
מגדל,d
קלף,r
כיסא,r
כותנה,r
שן,r
חליל,r
קיר,r
אגודל,r
בקבוק,r
יום,r
כתר,r
כוכב,r
ראש,r
שנהב,r
שלג,r
דם,r
שרשרת,r